{"train/loss_step": 0.7603405714035034, "train/acc_step": 0.671875, "epoch": 13, "trainer/global_step": 4749, "_timestamp": 1664465446.5565343, "_runtime": 115.19906640052795, "_step": 120, "val/loss": 0.9352867007255554, "val/acc": 0.6678000092506409, "train/loss_epoch": 0.8129382133483887, "train/acc_epoch": 0.714888870716095, "_wandb": {"runtime": 114}}