{"test/loss": 1.2126648426055908, "test/acc": 0.5626999735832214, "epoch": 0, "trainer/global_step": 0, "_timestamp": 1664465634.9832203, "_runtime": 0.8601384162902832, "_step": 0, "_wandb": {"runtime": 0}}