{"test/loss": 2.2375922203063965, "test/acc": 0.7080000042915344, "epoch": 0, "trainer/global_step": 0, "_timestamp": 1664466333.4277205, "_runtime": 0.8499755859375, "_step": 0, "_wandb": {"runtime": 0}}