{"train/loss_step": 1.607330560684204, "train/acc_step": 0.40625, "epoch": 2, "trainer/global_step": 999, "_timestamp": 1664465114.6732588, "_runtime": 27.673210859298706, "_step": 23, "val/loss": 1.4816845655441284, "val/acc": 0.46399998664855957, "train/loss_epoch": 1.5472992658615112, "train/acc_epoch": 0.4321777820587158, "_wandb": {"runtime": 28}}